{
    "MAE": 267.47023211567733,
    "RMSE": 394.8183007760198,
    "R^2": 0.6287386805162456
}